File,Status,LengthDiff
犬の急性下痢_最新エビデンス.md,Drastic Diff,73
IMHA_診断と初期治療.md,Matched,0
ITP_診断と治療.md,Drastic Diff,1786
ワクチンガイドライン_コアvsノンコア.md,Drastic Diff,-1559
免疫抑制薬_ステロイドからの離脱.md,Drastic Diff,-77
多発性関節炎_感染性vs免疫介在性の鑑別.md,Drastic Diff,-207
天疱瘡_SLE_皮膚免疫疾患.md,Drastic Diff,-1528
クッシング症候群_診断の落とし穴.md,Drastic Diff,1453
副腎皮質機能低下症_アジソン病の診断と治療.md,Drastic Diff,705
犬猫の糖尿病_インスリン管理の実際.md,Drastic Diff,316
猫の甲状腺機能亢進症_治療オプション比較.md,Drastic Diff,-885
ピモベンダンの使い方と最新エビデンス.md,Drastic Diff,3085
不整脈の救急対応_心電図の読み方.md,Drastic Diff,2510
僧帽弁閉鎖不全症_ステージ別治療.md,Drastic Diff,-579
先天性心疾患_動脈管開存_肺動脈狭窄.md,Drastic Diff,-1532
心原性肺水腫_一般病院での救命Tips.md,Matched,0
心嚢水_心タンポナーデ_心嚢穿刺の実際.md,Drastic Diff,-1309
心臓病と麻酔_リスク管理の実際.md,Minor Diff,-43
犬のDCM_犬種別アプローチ.md,Drastic Diff,544
犬種別スクリーニング.md,Drastic Diff,-1549
猫のHCM_早期発見と管理.md,Drastic Diff,592
猫の動脈血栓塞栓症ATE_救急対応.md,Drastic Diff,-321
肺高血圧症_診断と治療.md,Drastic Diff,-1551
メチシリン耐性菌_MRSA_MRSPの対策と治療.md,Drastic Diff,-1314
周術期の抗菌薬_予防投与のタイミング.md,Drastic Diff,530
抗菌薬選択の基本原則.md,Matched,0
犬猫の膀胱炎_本当に抗菌薬が必要か.md,Drastic Diff,-1419
CPR_RECOVER最新アップデート.md,Drastic Diff,-1323
DIC_診断と治療.md,Drastic Diff,-860
GDV_安定化と手術判断.md,Drastic Diff,932
ショック管理_最新プロトコル.md,Matched,0
フィラリア予防_通年vs季節.md,Drastic Diff,-1477
中毒_初期対応と活性炭.md,Matched,0
低血糖の緊急管理_インスリノーマ含む.md,Drastic Diff,-278
健康診断の最適化_推奨項目.md,Drastic Diff,-1602
外傷の初期安定化_トリアージ.md,Drastic Diff,-231
急性腎障害_AKIの初期対応.md,Drastic Diff,529
急性膵炎_犬猫の違いと管理.md,Drastic Diff,-1496
敗血症_早期認識と初期蘇生.md,Drastic Diff,-1347
気道緊急_上気道閉塞と喉頭麻痺.md,Drastic Diff,-364
溺水_煙吸入_肺損傷の管理.md,Drastic Diff,-1519
熱中症_エビデンスベースの冷却法.md,Drastic Diff,-1349
犬の高浸透圧高血糖症候群_HHSの罠.md,Drastic Diff,400
犬猫の中毒_原因物質と対処法.md,Drastic Diff,-128
猫の尿道閉塞_救急対応フロー.md,Drastic Diff,2552
猫の糖尿病性ケトアシドーシス_DKAの緊急管理.md,Drastic Diff,654
産褥テタニー_産後低Ca血症_救急対応.md,Drastic Diff,207
輸血のベストプラクティス.md,Drastic Diff,-738
難産と帝王切開_救急対応フロー.md,Drastic Diff,-1404
電解質異常の緊急対応_K_Ca.md,Drastic Diff,-1526
高カリウム血症_致死的不整脈の回避と治療.md,Drastic Diff,-1619
高ナトリウム血症_原因と水脱水アプローチ.md,Drastic Diff,-1409
前十字靭帯断裂_手術法の比較と術後管理.md,Drastic Diff,-1338
膝蓋骨脱臼_グレード別判断.md,Drastic Diff,-1418
手作り食_生食のリスクとエビデンス.md,Drastic Diff,-1498
療法食の選び方_疾患別フードガイド.md,Drastic Diff,-1460
肥満管理_減量プログラムの実際.md,Drastic Diff,-1028
歯の破折_抜歯vs保存の判断.md,Drastic Diff,-762
歯周病の重症度評価と治療計画.md,Drastic Diff,-1319
猫の口内炎_全臼歯抜歯とステロイド以外の選択肢.md,Drastic Diff,-566
尿石症_種類別の治療食事療法.md,Drastic Diff,2779
犬慢性腸症_CE診断カスケード.md,Drastic Diff,-1511
FIP_抗ウイルス薬時代の治療.md,Drastic Diff,1753
FLUTD_閉塞vs非閉塞の対応.md,Drastic Diff,-1470
猫の三臓器炎_胆管炎膵炎IBD.md,Drastic Diff,-537
猫の喘息_犬との違いと吸入療法.md,Drastic Diff,572
猫の多頭飼育ストレス_環境エンリッチメントのエビデンス.md,Drastic Diff,-785
猫の胸水_原因鑑別と胸腔穿刺.md,Drastic Diff,793
猫の行動学_不適切排泄と攻撃性の医学的原因.md,Drastic Diff,-1336
猫の輸液_犬との違いと注意点.md,Drastic Diff,438
アポキルvsサイトポイントvsステロイド.md,Drastic Diff,-1657
マラセチア皮膚炎_再発防止戦略.md,Drastic Diff,-373
外耳炎の原因別治療アプローチ.md,Drastic Diff,1512
犬のアトピー性皮膚炎_最新治療薬比較.md,Drastic Diff,684
食物アレルギーの除去食試験_正しいやり方.md,Drastic Diff,162
緑内障の緊急対応_視覚を守る72時間.md,Minor Diff,-3
角膜潰瘍_深さ別の判断と治療.md,Drastic Diff,-1515
赤い目の鑑別_結膜炎_緑内障.md,Drastic Diff,-1516
てんかんの長期管理_抗てんかん薬の選択.md,Minor Diff,-8
前庭疾患_末梢vs中枢の鑑別.md,Drastic Diff,-1498
慢性疼痛_Librela時代のマルチモーダル.md,Drastic Diff,2281
椎間板ヘルニア_頚部胸腰部統合版.md,Drastic Diff,-160
発作の初期対応_頭蓋内疾患を疑うとき.md,Minor Diff,39
脊髄軟化症_変形性関節症_DM.md,Drastic Diff,-1538
猫の脂肪肝_強制給餌と栄養管理.md,Drastic Diff,2950
尿管結石_尿管閉塞の診断と治療.md,Drastic Diff,-1540
急性腎障害vs慢性腎臓病_鑑別と初期対応.md,Drastic Diff,505
犬猫の膀胱炎_ISCAIDガイドライン.md,Drastic Diff,2743
猫のCKD_IRISステージ別管理.md,Matched,0
猫の特発性膀胱炎FIC_ストレス管理を含む最新治療.md,Drastic Diff,-1315
腎臓病と高血圧_見逃しやすい合併症.md,Drastic Diff,-820
腎臓病の食事療法_リン制限とカリウム管理.md,Drastic Diff,-1236
蛋白尿の評価と治療介入のタイミング.md,Drastic Diff,2954
リンパ腫_犬と猫の違い.md,Drastic Diff,92
扁平上皮癌と移行上皮癌_診断治療セット.md,Drastic Diff,-971
肥満細胞腫_グレード別の治療判断.md,Drastic Diff,-298
血管肉腫_脾臓心臓型の管理と予後.md,Drastic Diff,330
血液ガス分析の基本.md,Drastic Diff,-931
ショック時の輸液戦略_ボーラス投与の実際.md,Drastic Diff,-1325
周術期の輸液管理_術中術後の最適化.md,Drastic Diff,134
維持輸液の考え方_過剰輸液のリスク.md,Drastic Diff,2754
脱水の評価と補正_実践的な計算方法.md,Drastic Diff,-1366
輸液の基本_晶質液vs膠質液.md,Drastic Diff,-326
ハイリスク患者の麻酔_ASA分類.md,Drastic Diff,-722
局所麻酔_神経ブロック_一般病院でできるテクニック.md,Drastic Diff,-586
短頭種症候群_BOAS_周術期管理.md,Drastic Diff,-1477
鎮静プロトコルの比較_処置別の最適な組み合わせ.md,Drastic Diff,-429
麻酔モニタリング_ACVAA2025.md,Drastic Diff,-433
麻酔中の低血圧_徐脈_トラブルシューティング.md,Drastic Diff,-738
